date,day_of_week,month,year,temperature,humidity,is_holiday,virus_outbreak,previous_patients,patient_count,patient_count_tomorrow
2022-01-01,5,1,2022,29.0,66.2,0,1,200,246,245
2022-01-02,6,1,2022,23.9,35.0,0,0,225,245,219
2022-01-03,0,1,2022,30.2,78.7,0,0,206,219,209
2022-01-04,1,1,2022,37.2,70.2,0,0,202,209,208
2022-01-05,2,1,2022,23.1,80.0,1,1,181,208,258
2022-01-06,3,1,2022,23.1,21.6,0,1,191,258,250
2022-01-07,4,1,2022,37.6,96.3,0,0,217,250,246
2022-01-08,5,1,2022,31.1,62.9,0,1,140,246,239
2022-01-09,6,1,2022,21.2,81.6,1,0,169,239,240
2022-01-10,0,1,2022,29.3,49.4,1,1,156,240,229
2022-01-11,1,1,2022,21.3,74.2,0,0,191,229,205
2022-01-12,2,1,2022,21.3,49.2,1,0,216,205,253
2022-01-13,3,1,2022,26.9,55.6,0,1,162,253,187
2022-01-14,4,1,2022,9.7,93.7,0,0,108,187,247
2022-01-15,5,1,2022,11.2,62.1,0,1,167,247,217
2022-01-16,6,1,2022,20.5,68.3,0,0,207,217,186
2022-01-17,0,1,2022,16.9,78.1,0,0,196,186,188
2022-01-18,1,1,2022,27.5,72.4,0,0,192,188,207
2022-01-19,2,1,2022,17.7,67.3,0,0,171,207,205
2022-01-20,3,1,2022,13.7,70.5,0,0,141,205,199
2022-01-21,4,1,2022,36.7,101.1,0,0,195,199,215
2022-01-22,5,1,2022,23.2,64.1,0,0,154,215,277
2022-01-23,6,1,2022,25.5,68.0,0,0,245,277,209
2022-01-24,0,1,2022,13.6,80.8,0,1,197,209,221
2022-01-25,1,1,2022,20.6,81.6,0,1,162,221,200
2022-01-26,2,1,2022,25.9,82.8,0,0,161,200,234
2022-01-27,3,1,2022,15.8,74.6,0,1,177,234,213
2022-01-28,4,1,2022,28.0,47.9,0,0,172,213,219
2022-01-29,5,1,2022,20.2,89.5,0,0,213,219,243
2022-01-30,6,1,2022,22.7,47.8,0,1,185,243,210
2022-01-31,0,1,2022,20.2,69.5,0,1,158,210,226
2022-02-01,1,2,2022,39.8,53.7,0,0,236,226,227
2022-02-02,2,2,2022,24.9,64.0,0,1,181,227,211
2022-02-03,3,2,2022,16.5,69.9,0,0,203,211,236
2022-02-04,4,2,2022,31.6,69.8,0,1,161,236,243
2022-02-05,5,2,2022,15.2,71.3,0,0,190,243,236
2022-02-06,6,2,2022,26.7,89.2,0,0,189,236,137
2022-02-07,0,2,2022,9.3,71.8,0,0,123,137,226
2022-02-08,1,2,2022,14.4,61.3,0,0,240,226,217
2022-02-09,2,2,2022,26.6,79.5,0,0,218,217,236
2022-02-10,3,2,2022,30.9,82.8,0,1,168,236,232
2022-02-11,4,2,2022,26.4,46.6,0,0,146,232,231
2022-02-12,5,2,2022,24.1,74.0,1,0,190,231,240
2022-02-13,6,2,2022,22.6,75.5,0,0,182,240,169
2022-02-14,0,2,2022,13.2,60.5,0,0,190,169,192
2022-02-15,1,2,2022,19.2,85.6,0,0,185,192,217
2022-02-16,2,2,2022,21.3,62.7,0,0,195,217,210
2022-02-17,3,2,2022,33.5,66.9,0,0,223,210,231
2022-02-18,4,2,2022,27.7,62.4,0,0,197,231,210
2022-02-19,5,2,2022,10.9,65.2,1,0,148,210,279
2022-02-20,6,2,2022,27.6,48.6,0,1,220,279,247
2022-02-21,0,2,2022,21.9,43.4,0,1,229,247,236
2022-02-22,1,2,2022,19.6,88.9,0,0,274,236,215
2022-02-23,2,2,2022,29.9,52.3,0,0,146,215,204
2022-02-24,3,2,2022,33.2,50.1,0,0,187,204,201
2022-02-25,4,2,2022,32.5,32.7,0,0,117,201,233
2022-02-26,5,2,2022,18.3,55.4,0,0,196,233,212
2022-02-27,6,2,2022,22.5,45.2,0,0,163,212,227
2022-02-28,0,2,2022,27.7,89.6,0,0,237,227,227
2022-03-01,1,3,2022,32.8,80.1,0,0,156,227,184
2022-03-02,2,3,2022,21.2,54.7,0,0,129,184,215
2022-03-03,3,3,2022,23.5,98.8,0,0,165,215,220
2022-03-04,4,3,2022,16.1,79.7,0,1,120,220,224
2022-03-05,5,3,2022,15.4,60.1,0,0,202,224,189
2022-03-06,6,3,2022,31.5,27.5,0,0,118,189,210
2022-03-07,0,3,2022,35.8,99.4,0,1,180,210,177
2022-03-08,1,3,2022,24.4,44.2,0,1,117,177,232
2022-03-09,2,3,2022,33.0,40.3,0,0,170,232,233
2022-03-10,3,3,2022,27.9,80.3,1,0,229,233,219
2022-03-11,4,3,2022,19.8,101.6,0,0,190,219,234
2022-03-12,5,3,2022,27.9,85.8,0,0,154,234,227
2022-03-13,6,3,2022,37.3,73.5,0,0,179,227,179
2022-03-14,0,3,2022,24.7,73.9,0,0,180,179,211
2022-03-15,1,3,2022,37.5,77.8,0,0,194,211,195
2022-03-16,2,3,2022,4.0,76.4,0,0,138,195,232
2022-03-17,3,3,2022,31.6,69.2,0,0,197,232,194
2022-03-18,4,3,2022,25.7,66.6,0,0,98,194,222
2022-03-19,5,3,2022,22.6,64.1,1,0,161,222,239
2022-03-20,6,3,2022,25.7,53.7,0,0,165,239,193
2022-03-21,0,3,2022,9.1,60.8,0,0,198,193,207
2022-03-22,1,3,2022,23.2,39.6,0,1,180,207,191
2022-03-23,2,3,2022,27.9,63.5,0,0,137,191,192
2022-03-24,3,3,2022,36.8,50.2,0,0,150,192,224
2022-03-25,4,3,2022,20.9,48.4,0,0,185,224,219
2022-03-26,5,3,2022,18.5,67.7,0,0,177,219,292
2022-03-27,6,3,2022,21.0,85.9,0,1,162,292,187
2022-03-28,0,3,2022,32.3,78.8,0,0,165,187,187
2022-03-29,1,3,2022,27.6,41.4,0,0,200,187,196
2022-03-30,2,3,2022,20.8,50.2,0,0,164,196,223
2022-03-31,3,3,2022,29.1,79.1,0,0,177,223,276
2022-04-01,4,4,2022,25.8,50.3,0,0,245,276,210
2022-04-02,5,4,2022,32.7,61.6,1,0,137,210,191
2022-04-03,6,4,2022,19.4,73.3,0,0,124,191,212
2022-04-04,0,4,2022,22.4,50.5,0,0,203,212,170
2022-04-05,1,4,2022,21.9,66.6,0,0,159,170,217
2022-04-06,2,4,2022,13.3,45.0,0,1,170,217,204
2022-04-07,3,4,2022,27.4,56.0,0,0,156,204,221
2022-04-08,4,4,2022,27.1,69.8,0,0,172,221,262
2022-04-09,5,4,2022,25.0,41.1,0,0,227,262,263
2022-04-10,6,4,2022,23.1,71.6,0,1,204,263,193
2022-04-11,0,4,2022,13.7,64.7,0,0,205,193,181
2022-04-12,1,4,2022,21.6,73.3,0,0,137,181,195
2022-04-13,2,4,2022,22.3,68.4,0,0,145,195,180
2022-04-14,3,4,2022,18.6,85.5,0,0,94,180,220
2022-04-15,4,4,2022,23.7,66.9,0,0,155,220,258
2022-04-16,5,4,2022,28.2,58.6,0,0,208,258,260
2022-04-17,6,4,2022,40.1,66.8,0,0,195,260,197
2022-04-18,0,4,2022,26.4,73.1,0,0,173,197,177
2022-04-19,1,4,2022,27.1,65.7,0,0,179,177,200
2022-04-20,2,4,2022,24.4,65.6,0,0,159,200,218
2022-04-21,3,4,2022,9.6,54.5,0,0,186,218,244
2022-04-22,4,4,2022,24.8,55.1,0,0,202,244,202
2022-04-23,5,4,2022,25.5,44.0,1,0,131,202,244
2022-04-24,6,4,2022,44.7,91.2,0,0,188,244,194
2022-04-25,0,4,2022,23.5,46.3,0,0,207,194,204
2022-04-26,1,4,2022,27.4,54.6,0,0,167,204,232
2022-04-27,2,4,2022,24.7,54.2,0,0,201,232,239
2022-04-28,3,4,2022,15.7,78.4,0,0,264,239,241
2022-04-29,4,4,2022,34.1,60.6,0,0,176,241,242
2022-04-30,5,4,2022,31.0,83.7,1,0,191,242,234
2022-05-01,6,5,2022,31.3,54.9,0,0,157,234,189
2022-05-02,0,5,2022,17.7,69.2,0,0,185,189,224
2022-05-03,1,5,2022,36.2,52.5,0,0,193,224,212
2022-05-04,2,5,2022,13.8,97.2,0,0,185,212,242
2022-05-05,3,5,2022,29.7,47.2,0,0,149,242,224
2022-05-06,4,5,2022,42.5,69.6,0,0,186,224,280
2022-05-07,5,5,2022,17.1,74.5,0,1,223,280,262
2022-05-08,6,5,2022,20.5,71.2,0,1,193,262,193
2022-05-09,0,5,2022,25.8,62.2,0,0,208,193,197
2022-05-10,1,5,2022,21.0,63.1,0,0,172,197,215
2022-05-11,2,5,2022,12.6,65.7,0,0,202,215,265
2022-05-12,3,5,2022,25.5,62.8,0,0,188,265,208
2022-05-13,4,5,2022,16.5,79.5,0,0,151,208,223
2022-05-14,5,5,2022,28.8,98.2,1,0,189,223,231
2022-05-15,6,5,2022,17.6,56.6,0,0,150,231,161
2022-05-16,0,5,2022,37.4,44.5,0,0,161,161,200
2022-05-17,1,5,2022,18.7,63.7,0,0,185,200,213
2022-05-18,2,5,2022,22.4,103.7,0,0,188,213,219
2022-05-19,3,5,2022,31.5,52.9,0,0,144,219,248
2022-05-20,4,5,2022,15.2,89.6,0,0,211,248,234
2022-05-21,5,5,2022,26.8,90.2,0,0,197,234,237
2022-05-22,6,5,2022,35.5,56.7,0,0,158,237,158
2022-05-23,0,5,2022,12.1,73.5,0,0,133,158,209
2022-05-24,1,5,2022,26.5,89.4,0,1,175,209,210
2022-05-25,2,5,2022,27.1,59.3,1,0,166,210,228
2022-05-26,3,5,2022,31.3,61.9,0,1,183,228,235
2022-05-27,4,5,2022,15.1,56.3,0,1,169,235,190
2022-05-28,5,5,2022,14.4,49.8,0,0,119,190,248
2022-05-29,6,5,2022,29.2,55.3,0,0,168,248,219
2022-05-30,0,5,2022,27.4,46.6,0,0,170,219,216
2022-05-31,1,5,2022,27.0,65.5,0,1,199,216,177
2022-06-01,2,6,2022,27.8,53.5,0,0,159,177,236
2022-06-02,3,6,2022,19.6,68.5,0,0,230,236,206
2022-06-03,4,6,2022,26.9,41.7,0,0,122,206,256
2022-06-04,5,6,2022,27.3,70.0,0,0,219,256,232
2022-06-05,6,6,2022,19.3,77.5,1,0,173,232,211
2022-06-06,0,6,2022,39.9,35.1,0,0,205,211,212
2022-06-07,1,6,2022,28.8,70.6,0,0,182,212,237
2022-06-08,2,6,2022,15.5,83.4,0,0,214,237,189
2022-06-09,3,6,2022,30.3,46.9,0,0,168,189,205
2022-06-10,4,6,2022,17.2,90.1,0,0,147,205,259
2022-06-11,5,6,2022,31.3,71.3,0,0,222,259,234
2022-06-12,6,6,2022,34.3,54.4,0,0,176,234,221
2022-06-13,0,6,2022,18.4,64.2,0,0,186,221,213
2022-06-14,1,6,2022,32.7,73.4,0,0,217,213,201
2022-06-15,2,6,2022,28.3,66.1,0,0,149,201,239
2022-06-16,3,6,2022,31.6,73.1,0,0,197,239,220
2022-06-17,4,6,2022,40.2,51.2,0,0,162,220,206
2022-06-18,5,6,2022,23.0,67.5,0,0,176,206,260
2022-06-19,6,6,2022,19.0,43.8,1,1,182,260,190
2022-06-20,0,6,2022,17.9,63.3,0,0,134,190,186
2022-06-21,1,6,2022,18.5,51.4,0,0,156,186,215
2022-06-22,2,6,2022,24.4,54.0,0,0,220,215,246
2022-06-23,3,6,2022,27.7,83.5,0,0,206,246,223
2022-06-24,4,6,2022,27.2,81.4,1,0,178,223,235
2022-06-25,5,6,2022,31.6,74.1,0,0,187,235,243
2022-06-26,6,6,2022,25.1,48.6,0,0,171,243,255
2022-06-27,0,6,2022,36.6,60.3,0,1,220,255,236
2022-06-28,1,6,2022,22.9,83.2,0,0,173,236,238
2022-06-29,2,6,2022,46.8,67.1,0,0,186,238,254
2022-06-30,3,6,2022,30.0,99.8,0,0,214,254,210
2022-07-01,4,7,2022,18.1,70.9,0,0,156,210,237
2022-07-02,5,7,2022,16.4,67.9,0,0,226,237,230
2022-07-03,6,7,2022,28.9,60.4,0,0,134,230,218
2022-07-04,0,7,2022,23.2,67.0,0,0,228,218,188
2022-07-05,1,7,2022,30.7,62.7,1,0,168,188,210
2022-07-06,2,7,2022,28.8,75.6,0,0,172,210,205
2022-07-07,3,7,2022,24.4,79.4,0,0,123,205,227
2022-07-08,4,7,2022,18.2,53.2,0,0,166,227,227
2022-07-09,5,7,2022,12.9,45.0,0,0,148,227,241
2022-07-10,6,7,2022,21.4,37.5,0,0,161,241,192
2022-07-11,0,7,2022,31.9,72.6,1,0,175,192,211
2022-07-12,1,7,2022,26.7,48.4,0,0,208,211,194
2022-07-13,2,7,2022,15.0,32.7,0,0,186,194,253
2022-07-14,3,7,2022,26.4,70.8,0,0,189,253,219
2022-07-15,4,7,2022,28.1,102.4,0,0,147,219,221
2022-07-16,5,7,2022,17.9,64.9,0,0,153,221,254
2022-07-17,6,7,2022,26.2,77.6,0,0,233,254,233
2022-07-18,0,7,2022,25.5,66.2,0,0,157,233,205
2022-07-19,1,7,2022,15.9,63.5,0,0,229,205,206
2022-07-20,2,7,2022,27.9,78.8,0,0,172,206,231
2022-07-21,3,7,2022,29.5,60.6,0,0,180,231,256
2022-07-22,4,7,2022,33.7,69.0,0,0,212,256,272
2022-07-23,5,7,2022,33.4,69.8,0,0,218,272,266
2022-07-24,6,7,2022,14.0,55.0,0,0,176,266,197
2022-07-25,0,7,2022,17.5,79.9,0,0,168,197,192
2022-07-26,1,7,2022,29.1,62.4,0,0,178,192,216
2022-07-27,2,7,2022,29.1,53.7,0,0,190,216,239
2022-07-28,3,7,2022,29.1,73.0,0,0,206,239,276
2022-07-29,4,7,2022,55.8,51.5,0,0,180,276,227
2022-07-30,5,7,2022,29.6,65.4,0,0,198,227,288
2022-07-31,6,7,2022,34.1,64.9,0,0,229,288,211
2022-08-01,0,8,2022,32.6,81.3,0,0,191,211,227
2022-08-02,1,8,2022,30.2,72.1,0,0,189,227,195
2022-08-03,2,8,2022,22.5,64.6,0,0,134,195,183
2022-08-04,3,8,2022,31.1,77.3,0,0,101,183,270
2022-08-05,4,8,2022,18.8,85.9,0,1,191,270,248
2022-08-06,5,8,2022,23.1,73.4,0,0,177,248,254
2022-08-07,6,8,2022,21.1,65.2,0,0,164,254,203
2022-08-08,0,8,2022,25.7,45.3,0,0,187,203,208
2022-08-09,1,8,2022,43.5,49.0,0,0,178,208,199
2022-08-10,2,8,2022,10.1,60.4,0,0,213,199,240
2022-08-11,3,8,2022,30.5,55.9,0,0,182,240,223
2022-08-12,4,8,2022,12.1,62.2,0,0,157,223,236
2022-08-13,5,8,2022,21.2,65.8,0,0,209,236,242
2022-08-14,6,8,2022,33.7,72.9,0,0,173,242,200
2022-08-15,0,8,2022,25.5,63.9,0,0,195,200,176
2022-08-16,1,8,2022,16.4,72.3,0,0,165,176,193
2022-08-17,2,8,2022,19.3,66.0,0,0,160,193,211
2022-08-18,3,8,2022,30.4,35.4,0,0,182,211,223
2022-08-19,4,8,2022,19.2,50.9,0,0,180,223,236
2022-08-20,5,8,2022,26.7,62.8,0,0,194,236,221
2022-08-21,6,8,2022,25.4,46.9,1,0,171,221,206
2022-08-22,0,8,2022,19.8,74.0,0,0,124,206,230
2022-08-23,1,8,2022,42.2,88.0,0,0,167,230,216
2022-08-24,2,8,2022,30.1,83.3,0,0,203,216,216
2022-08-25,3,8,2022,8.8,61.8,0,0,171,216,236
2022-08-26,4,8,2022,26.5,87.4,0,0,172,236,267
2022-08-27,5,8,2022,19.7,67.2,0,0,209,267,231
2022-08-28,6,8,2022,31.8,59.9,0,0,158,231,195
2022-08-29,0,8,2022,18.7,55.8,0,0,133,195,197
2022-08-30,1,8,2022,24.1,60.5,0,0,175,197,192
2022-08-31,2,8,2022,29.0,59.2,0,0,165,192,229
2022-09-01,3,9,2022,31.9,67.6,1,0,151,229,246
2022-09-02,4,9,2022,15.4,67.4,0,0,174,246,285
2022-09-03,5,9,2022,22.3,65.0,0,0,194,285,230
2022-09-04,6,9,2022,21.2,71.6,0,0,179,230,214
2022-09-05,0,9,2022,19.8,82.9,1,0,189,214,233
2022-09-06,1,9,2022,39.1,79.2,0,0,234,233,227
2022-09-07,2,9,2022,28.2,42.7,0,0,169,227,202
2022-09-08,3,9,2022,14.9,26.7,0,0,188,202,213
2022-09-09,4,9,2022,32.3,79.0,0,0,164,213,229
2022-09-10,5,9,2022,42.0,44.5,0,0,154,229,248
2022-09-11,6,9,2022,33.3,61.6,0,0,162,248,206
2022-09-12,0,9,2022,12.8,47.4,0,1,165,206,222
2022-09-13,1,9,2022,21.1,38.0,0,0,190,222,267
2022-09-14,2,9,2022,35.1,73.1,0,0,250,267,224
2022-09-15,3,9,2022,19.3,76.4,0,0,158,224,255
2022-09-16,4,9,2022,28.6,56.4,0,0,167,255,251
2022-09-17,5,9,2022,31.2,26.1,0,0,178,251,233
2022-09-18,6,9,2022,17.6,56.8,0,0,191,233,225
2022-09-19,0,9,2022,24.5,70.9,1,0,187,225,203
2022-09-20,1,9,2022,-0.9,42.8,0,0,218,203,198
2022-09-21,2,9,2022,16.8,67.8,0,0,107,198,220
2022-09-22,3,9,2022,23.0,64.8,0,0,108,220,230
2022-09-23,4,9,2022,15.0,73.7,1,0,165,230,239
2022-09-24,5,9,2022,38.1,66.8,0,0,212,239,237
2022-09-25,6,9,2022,13.6,50.4,0,1,133,237,209
2022-09-26,0,9,2022,21.5,82.9,0,1,89,209,215
2022-09-27,1,9,2022,26.0,62.6,0,0,197,215,228
2022-09-28,2,9,2022,36.5,64.6,0,0,187,228,219
2022-09-29,3,9,2022,13.5,51.0,0,0,147,219,237
2022-09-30,4,9,2022,34.3,58.4,0,0,150,237,237
2022-10-01,5,10,2022,25.1,51.7,1,0,150,237,246
2022-10-02,6,10,2022,17.1,62.4,0,0,183,246,194
2022-10-03,0,10,2022,28.7,90.7,0,0,161,194,232
2022-10-04,1,10,2022,26.6,44.4,0,0,194,232,192
2022-10-05,2,10,2022,20.2,40.8,0,0,94,192,214
2022-10-06,3,10,2022,25.6,87.1,0,0,154,214,237
2022-10-07,4,10,2022,21.9,61.9,0,0,146,237,239
2022-10-08,5,10,2022,25.9,55.0,0,0,172,239,260
2022-10-09,6,10,2022,30.3,80.6,0,1,163,260,209
2022-10-10,0,10,2022,37.7,55.9,1,0,203,209,170
2022-10-11,1,10,2022,15.1,92.4,0,0,124,170,250
2022-10-12,2,10,2022,42.1,75.2,0,1,181,250,270
2022-10-13,3,10,2022,9.4,57.7,1,1,196,270,246
2022-10-14,4,10,2022,23.8,97.4,0,0,235,246,243
2022-10-15,5,10,2022,29.7,55.9,0,0,165,243,247
2022-10-16,6,10,2022,27.2,76.1,0,0,189,247,176
2022-10-17,0,10,2022,20.0,69.5,0,0,125,176,160
2022-10-18,1,10,2022,23.3,84.5,0,0,108,160,225
2022-10-19,2,10,2022,21.1,88.4,0,0,205,225,223
2022-10-20,3,10,2022,20.3,65.5,0,0,179,223,262
2022-10-21,4,10,2022,31.8,53.7,0,0,215,262,232
2022-10-22,5,10,2022,27.9,71.9,0,0,138,232,237
2022-10-23,6,10,2022,19.5,54.8,0,0,195,237,246
2022-10-24,0,10,2022,32.2,95.2,0,0,236,246,221
2022-10-25,1,10,2022,27.5,67.0,1,0,192,221,230
2022-10-26,2,10,2022,31.5,59.5,0,0,188,230,230
2022-10-27,3,10,2022,30.0,67.8,0,0,180,230,206
2022-10-28,4,10,2022,18.4,44.8,0,0,132,206,286
2022-10-29,5,10,2022,20.5,50.4,0,1,220,286,255
2022-10-30,6,10,2022,31.0,83.0,1,0,161,255,186
2022-10-31,0,10,2022,29.9,55.1,0,0,195,186,187
2022-11-01,1,11,2022,24.8,49.3,0,0,133,187,204
2022-11-02,2,11,2022,25.9,73.0,0,0,144,204,256
2022-11-03,3,11,2022,35.2,82.8,0,0,223,256,249
2022-11-04,4,11,2022,20.3,75.8,0,0,169,249,254
2022-11-05,5,11,2022,29.4,79.9,0,0,223,254,245
2022-11-06,6,11,2022,23.4,53.6,0,0,177,245,200
2022-11-07,0,11,2022,23.3,43.7,0,1,124,200,217
2022-11-08,1,11,2022,33.8,87.5,0,0,206,217,213
2022-11-09,2,11,2022,31.6,60.2,0,0,162,213,278
2022-11-10,3,11,2022,31.5,61.2,0,1,200,278,228
2022-11-11,4,11,2022,35.4,84.9,0,0,180,228,234
2022-11-12,5,11,2022,25.2,73.3,0,0,133,234,233
2022-11-13,6,11,2022,30.5,71.8,0,0,184,233,223
2022-11-14,0,11,2022,22.5,97.5,0,0,245,223,216
2022-11-15,1,11,2022,27.6,55.3,0,0,194,216,246
2022-11-16,2,11,2022,24.0,78.9,0,0,178,246,239
2022-11-17,3,11,2022,25.8,65.9,0,0,212,239,210
2022-11-18,4,11,2022,29.8,69.0,0,0,186,210,215
2022-11-19,5,11,2022,18.5,87.9,0,0,186,215,250
2022-11-20,6,11,2022,41.7,72.6,0,0,147,250,214
2022-11-21,0,11,2022,17.0,73.1,0,0,187,214,252
2022-11-22,1,11,2022,15.3,81.1,0,1,211,252,219
2022-11-23,2,11,2022,34.3,59.5,0,0,154,219,268
2022-11-24,3,11,2022,31.3,52.4,0,0,222,268,231
2022-11-25,4,11,2022,30.0,49.3,0,0,177,231,251
2022-11-26,5,11,2022,30.0,35.5,0,0,153,251,241
2022-11-27,6,11,2022,24.9,95.8,0,0,209,241,185
2022-11-28,0,11,2022,17.8,48.5,0,0,171,185,221
2022-11-29,1,11,2022,25.6,61.7,0,1,202,221,237
2022-11-30,2,11,2022,19.6,60.8,0,1,171,237,234
2022-12-01,3,12,2022,32.8,69.6,1,0,178,234,272
2022-12-02,4,12,2022,23.8,77.2,0,1,194,272,249
2022-12-03,5,12,2022,18.4,77.9,0,0,188,249,217
2022-12-04,6,12,2022,22.4,56.3,0,0,120,217,193
2022-12-05,0,12,2022,28.3,62.5,1,0,146,193,202
2022-12-06,1,12,2022,20.5,69.2,0,0,207,202,265
2022-12-07,2,12,2022,18.4,61.3,0,1,176,265,222
2022-12-08,3,12,2022,26.9,89.1,0,0,164,222,217
2022-12-09,4,12,2022,27.0,72.4,0,0,139,217,282
2022-12-10,5,12,2022,20.9,76.0,0,1,147,282,211
2022-12-11,6,12,2022,21.2,74.9,0,0,119,211,191
2022-12-12,0,12,2022,26.9,82.6,0,0,176,191,187
2022-12-13,1,12,2022,13.4,67.7,0,0,162,187,231
2022-12-14,2,12,2022,13.7,45.5,0,1,151,231,260
2022-12-15,3,12,2022,19.3,71.0,0,1,177,260,255
2022-12-16,4,12,2022,23.3,55.2,0,0,190,255,313
2022-12-17,5,12,2022,27.5,57.1,0,0,242,313,210
2022-12-18,6,12,2022,36.8,73.8,0,0,134,210,259
2022-12-19,0,12,2022,31.9,83.6,0,1,214,259,219
2022-12-20,1,12,2022,23.7,65.3,0,0,209,219,206
2022-12-21,2,12,2022,24.8,69.6,0,0,156,206,246
2022-12-22,3,12,2022,17.0,90.5,0,1,186,246,221
2022-12-23,4,12,2022,24.9,68.6,0,0,166,221,274
2022-12-24,5,12,2022,22.7,104.0,0,0,185,274,288
2022-12-25,6,12,2022,27.6,73.5,0,0,225,288,237
2022-12-26,0,12,2022,18.4,38.6,0,1,198,237,244
2022-12-27,1,12,2022,29.2,76.3,0,0,195,244,202
2022-12-28,2,12,2022,37.3,70.7,0,0,167,202,194
2022-12-29,3,12,2022,24.1,84.3,1,0,135,194,206
2022-12-30,4,12,2022,28.2,75.1,0,0,173,206,255
2022-12-31,5,12,2022,30.5,62.9,0,0,216,255,216
2023-01-01,6,1,2023,21.8,46.6,0,0,134,216,201
2023-01-02,0,1,2023,26.8,61.9,0,1,148,201,198
2023-01-03,1,1,2023,25.1,52.2,0,0,183,198,169
2023-01-04,2,1,2023,25.8,56.3,0,0,150,169,209
2023-01-05,3,1,2023,18.8,73.8,0,0,156,209,217
2023-01-06,4,1,2023,25.2,90.0,0,0,167,217,248
2023-01-07,5,1,2023,29.0,70.9,0,1,139,248,200
2023-01-08,6,1,2023,36.6,47.1,0,0,150,200,203
2023-01-09,0,1,2023,32.7,71.7,0,0,201,203,169
2023-01-10,1,1,2023,42.2,82.9,0,0,140,169,174
2023-01-11,2,1,2023,18.9,55.9,0,0,132,174,214
2023-01-12,3,1,2023,32.0,63.0,0,0,161,214,229
2023-01-13,4,1,2023,26.5,65.2,0,0,201,229,245
2023-01-14,5,1,2023,42.5,53.2,0,1,174,245,250
2023-01-15,6,1,2023,18.5,74.7,0,1,166,250,160
2023-01-16,0,1,2023,18.3,63.2,0,0,181,160,213
2023-01-17,1,1,2023,20.2,71.3,0,1,127,213,196
2023-01-18,2,1,2023,8.0,51.7,0,0,194,196,229
2023-01-19,3,1,2023,20.8,58.4,0,0,191,229,202
2023-01-20,4,1,2023,18.9,75.8,0,0,167,202,231
2023-01-21,5,1,2023,26.2,59.4,0,0,210,231,210
2023-01-22,6,1,2023,27.7,90.9,0,0,146,210,220
2023-01-23,0,1,2023,40.0,59.0,0,0,213,220,189
2023-01-24,1,1,2023,32.6,68.4,0,0,184,189,205
2023-01-25,2,1,2023,20.4,79.0,0,0,169,205,200
2023-01-26,3,1,2023,17.8,43.7,0,0,179,200,214
2023-01-27,4,1,2023,28.9,38.6,0,1,176,214,227
2023-01-28,5,1,2023,14.4,42.1,0,0,216,227,211
2023-01-29,6,1,2023,39.7,83.9,0,0,147,211,182
2023-01-30,0,1,2023,34.4,56.7,0,0,157,182,187
2023-01-31,1,1,2023,21.2,103.4,0,0,211,187,229
2023-02-01,2,2,2023,11.3,56.5,0,1,162,229,227
2023-02-02,3,2,2023,35.8,67.8,0,0,207,227,237
2023-02-03,4,2,2023,24.1,88.1,1,0,230,237,263
2023-02-04,5,2,2023,34.9,95.1,0,1,167,263,252
2023-02-05,6,2,2023,12.2,95.9,0,0,200,252,171
2023-02-06,0,2,2023,20.2,83.1,0,0,145,171,194
2023-02-07,1,2,2023,25.0,80.4,1,0,202,194,205
2023-02-08,2,2,2023,25.4,73.9,0,1,185,205,206
2023-02-09,3,2,2023,21.4,76.7,0,0,194,206,205
2023-02-10,4,2,2023,30.0,56.7,0,0,160,205,205
2023-02-11,5,2,2023,16.5,52.7,0,0,130,205,236
2023-02-12,6,2,2023,23.9,64.9,0,0,195,236,174
2023-02-13,0,2,2023,26.0,62.4,0,0,118,174,185
2023-02-14,1,2,2023,29.1,58.2,0,0,170,185,217
2023-02-15,2,2,2023,30.7,75.4,0,0,208,217,253
2023-02-16,3,2,2023,16.0,79.3,0,1,185,253,267
2023-02-17,4,2,2023,12.7,66.3,0,1,238,267,245
2023-02-18,5,2,2023,35.2,87.2,0,0,210,245,245
2023-02-19,6,2,2023,27.7,47.9,0,1,160,245,176
2023-02-20,0,2,2023,19.0,62.1,0,0,180,176,189
2023-02-21,1,2,2023,37.4,54.2,0,0,178,189,177
2023-02-22,2,2,2023,25.9,37.0,0,0,132,177,242
2023-02-23,3,2,2023,34.4,63.8,0,1,151,242,235
2023-02-24,4,2,2023,25.5,63.2,0,1,163,235,192
2023-02-25,5,2,2023,41.5,87.7,0,0,118,192,295
2023-02-26,6,2,2023,39.0,74.5,0,1,181,295,189
2023-02-27,0,2,2023,23.0,49.6,0,0,172,189,184
2023-02-28,1,2,2023,32.8,92.8,0,1,129,184,232
2023-03-01,2,3,2023,30.2,83.3,0,1,192,232,230
2023-03-02,3,3,2023,35.9,73.7,0,0,201,230,246
2023-03-03,4,3,2023,17.3,61.6,0,0,186,246,212
2023-03-04,5,3,2023,30.5,50.6,0,0,170,212,264
2023-03-05,6,3,2023,33.5,59.4,0,0,197,264,212
2023-03-06,0,3,2023,10.9,81.3,0,0,200,212,188
2023-03-07,1,3,2023,15.5,93.3,0,0,189,188,209
2023-03-08,2,3,2023,8.7,88.1,0,1,155,209,201
2023-03-09,3,3,2023,22.8,57.7,0,0,188,201,236
2023-03-10,4,3,2023,30.7,48.2,0,0,215,236,228
2023-03-11,5,3,2023,37.0,67.1,0,0,162,228,298
2023-03-12,6,3,2023,25.6,38.5,0,1,242,298,207
2023-03-13,0,3,2023,38.0,69.8,0,0,164,207,207
2023-03-14,1,3,2023,14.0,62.8,0,1,180,207,162
2023-03-15,2,3,2023,11.4,58.0,0,0,159,162,216
2023-03-16,3,3,2023,24.6,41.1,0,0,186,216,207
2023-03-17,4,3,2023,28.1,72.7,0,0,127,207,227
2023-03-18,5,3,2023,24.7,57.0,0,0,163,227,212
2023-03-19,6,3,2023,8.5,47.5,0,0,147,212,193
2023-03-20,0,3,2023,24.3,21.9,1,0,184,193,227
2023-03-21,1,3,2023,14.6,64.6,0,0,209,227,222
2023-03-22,2,3,2023,30.4,91.6,0,0,199,222,181
2023-03-23,3,3,2023,27.9,89.9,0,0,108,181,260
2023-03-24,4,3,2023,17.5,58.1,0,1,241,260,229
2023-03-25,5,3,2023,20.9,56.0,0,0,188,229,249
2023-03-26,6,3,2023,16.5,72.0,0,0,156,249,189
2023-03-27,0,3,2023,24.5,50.0,0,0,184,189,204
2023-03-28,1,3,2023,32.6,69.5,0,0,185,204,187
2023-03-29,2,3,2023,17.1,76.5,0,0,159,187,235
2023-03-30,3,3,2023,29.0,83.4,0,0,185,235,242
2023-03-31,4,3,2023,20.8,63.5,0,0,161,242,231
2023-04-01,5,4,2023,18.7,61.9,0,0,167,231,233
2023-04-02,6,4,2023,24.1,51.8,0,0,159,233,171
2023-04-03,0,4,2023,16.7,52.6,0,0,137,171,164
2023-04-04,1,4,2023,20.6,61.6,0,0,184,164,221
2023-04-05,2,4,2023,15.4,70.5,0,0,197,221,232
2023-04-06,3,4,2023,40.7,78.7,0,0,195,232,240
2023-04-07,4,4,2023,25.3,53.0,0,0,204,240,222
2023-04-08,5,4,2023,19.4,87.4,0,0,189,222,254
2023-04-09,6,4,2023,26.7,60.9,0,1,164,254,195
2023-04-10,0,4,2023,24.1,64.7,0,0,205,195,198
2023-04-11,1,4,2023,23.2,53.8,0,0,139,198,194
2023-04-12,2,4,2023,29.9,28.6,0,0,152,194,239
2023-04-13,3,4,2023,31.1,78.3,0,0,151,239,241
2023-04-14,4,4,2023,20.8,76.1,0,0,212,241,222
2023-04-15,5,4,2023,20.4,60.8,0,0,208,222,243
2023-04-16,6,4,2023,22.8,66.0,0,0,194,243,186
2023-04-17,0,4,2023,6.6,72.7,0,0,212,186,150
2023-04-18,1,4,2023,12.9,41.6,0,0,153,150,242
2023-04-19,2,4,2023,35.9,57.1,0,0,190,242,232
2023-04-20,3,4,2023,38.2,76.9,0,0,176,232,241
2023-04-21,4,4,2023,23.0,46.2,0,0,205,241,235
2023-04-22,5,4,2023,29.6,69.4,0,0,176,235,216
2023-04-23,6,4,2023,27.5,44.7,0,0,168,216,204
2023-04-24,0,4,2023,49.6,72.0,0,0,196,204,228
2023-04-25,1,4,2023,34.0,64.5,0,0,206,228,184
2023-04-26,2,4,2023,24.0,40.8,0,0,159,184,173
2023-04-27,3,4,2023,17.4,82.5,0,0,178,173,201
2023-04-28,4,4,2023,12.1,54.0,0,0,148,201,201
2023-04-29,5,4,2023,26.6,52.8,0,0,105,201,241
2023-04-30,6,4,2023,18.9,68.0,0,0,186,241,207
2023-05-01,0,5,2023,13.6,82.2,0,0,198,207,212
2023-05-02,1,5,2023,19.8,49.8,0,0,187,212,186
2023-05-03,2,5,2023,16.3,65.9,0,0,121,186,238
2023-05-04,3,5,2023,38.5,71.4,0,0,169,238,180
2023-05-05,4,5,2023,32.1,75.4,0,0,113,180,258
2023-05-06,5,5,2023,24.9,67.6,0,0,221,258,244
2023-05-07,6,5,2023,36.8,59.5,0,0,147,244,191
2023-05-08,0,5,2023,25.6,52.6,0,0,217,191,187
2023-05-09,1,5,2023,18.1,66.3,0,0,208,187,219
2023-05-10,2,5,2023,37.2,48.9,0,1,152,219,197
2023-05-11,3,5,2023,29.3,21.2,0,0,146,197,262
2023-05-12,4,5,2023,16.7,71.5,0,1,190,262,214
2023-05-13,5,5,2023,23.5,78.6,0,0,154,214,227
2023-05-14,6,5,2023,18.0,29.6,0,0,183,227,174
2023-05-15,0,5,2023,13.9,49.9,0,0,165,174,201
2023-05-16,1,5,2023,32.4,74.3,1,0,126,201,191
2023-05-17,2,5,2023,40.3,95.9,0,0,113,191,212
2023-05-18,3,5,2023,13.8,65.3,0,0,186,212,220
2023-05-19,4,5,2023,29.5,54.1,0,0,163,220,269
2023-05-20,5,5,2023,19.8,62.3,0,1,163,269,237
2023-05-21,6,5,2023,21.1,85.6,0,0,200,237,225
2023-05-22,0,5,2023,20.3,55.3,0,0,215,225,198
2023-05-23,1,5,2023,18.1,53.0,1,0,171,198,204
2023-05-24,2,5,2023,25.4,57.8,0,0,169,204,258
2023-05-25,3,5,2023,18.4,50.7,0,0,195,258,195
2023-05-26,4,5,2023,27.2,66.8,0,0,139,195,231
2023-05-27,5,5,2023,24.6,89.4,0,0,186,231,229
2023-05-28,6,5,2023,23.1,69.8,0,0,196,229,213
2023-05-29,0,5,2023,17.7,61.2,0,0,200,213,227
2023-05-30,1,5,2023,20.4,60.6,0,1,121,227,229
2023-05-31,2,5,2023,31.0,41.6,0,0,157,229,230
2023-06-01,3,6,2023,29.0,78.2,0,0,153,230,222
2023-06-02,4,6,2023,17.2,63.8,0,0,182,222,237
2023-06-03,5,6,2023,25.8,62.3,0,0,194,237,240
2023-06-04,6,6,2023,31.0,112.9,0,0,224,240,214
2023-06-05,0,6,2023,11.6,69.5,0,0,165,214,207
2023-06-06,1,6,2023,29.3,53.7,0,0,165,207,216
2023-06-07,2,6,2023,19.7,58.6,0,0,214,216,246
2023-06-08,3,6,2023,29.6,82.2,0,0,188,246,226
2023-06-09,4,6,2023,18.9,66.7,0,0,218,226,238
2023-06-10,5,6,2023,10.6,43.4,0,0,188,238,221
2023-06-11,6,6,2023,12.0,78.8,0,0,145,221,190
2023-06-12,0,6,2023,25.4,55.0,0,0,140,190,185
2023-06-13,1,6,2023,27.1,93.1,0,0,133,185,195
2023-06-14,2,6,2023,17.8,81.2,0,0,199,195,238
2023-06-15,3,6,2023,30.1,58.3,0,0,215,238,284
2023-06-16,4,6,2023,11.7,84.2,0,1,235,284,245
2023-06-17,5,6,2023,24.5,66.0,0,0,205,245,265
2023-06-18,6,6,2023,15.3,77.8,0,0,214,265,171
2023-06-19,0,6,2023,19.8,72.3,0,0,162,171,190
2023-06-20,1,6,2023,25.4,52.3,0,0,145,190,209
2023-06-21,2,6,2023,18.1,55.3,0,0,205,209,235
2023-06-22,3,6,2023,21.9,80.4,0,0,192,235,234
2023-06-23,4,6,2023,33.1,60.0,0,0,183,234,249
2023-06-24,5,6,2023,20.4,58.9,0,0,191,249,268
2023-06-25,6,6,2023,31.7,50.7,0,0,189,268,217
2023-06-26,0,6,2023,16.0,71.4,0,0,218,217,226
2023-06-27,1,6,2023,29.2,95.9,0,0,218,226,209
2023-06-28,2,6,2023,36.5,49.0,0,0,196,209,220
2023-06-29,3,6,2023,5.2,65.4,0,0,205,220,223
2023-06-30,4,6,2023,18.6,86.2,0,0,195,223,230
2023-07-01,5,7,2023,29.6,63.8,0,0,166,230,249
2023-07-02,6,7,2023,23.4,71.8,0,0,202,249,193
2023-07-03,0,7,2023,28.0,49.1,0,1,138,193,187
2023-07-04,1,7,2023,20.2,71.4,0,0,211,187,190
2023-07-05,2,7,2023,25.7,62.2,0,0,144,190,228
2023-07-06,3,7,2023,23.8,79.8,0,0,188,228,204
2023-07-07,4,7,2023,34.3,82.8,0,0,154,204,246
2023-07-08,5,7,2023,27.0,103.8,0,0,196,246,275
2023-07-09,6,7,2023,27.7,73.7,0,0,178,275,218
2023-07-10,0,7,2023,21.7,69.9,0,1,132,218,234
2023-07-11,1,7,2023,21.1,67.9,0,0,192,234,211
2023-07-12,2,7,2023,21.5,59.7,0,0,162,211,252
2023-07-13,3,7,2023,28.2,70.1,0,0,206,252,217
2023-07-14,4,7,2023,21.6,60.6,0,0,180,217,234
2023-07-15,5,7,2023,27.3,67.5,0,0,191,234,202
2023-07-16,6,7,2023,41.6,84.8,0,0,151,202,212
2023-07-17,0,7,2023,32.0,49.9,0,0,162,212,222
2023-07-18,1,7,2023,22.4,82.1,0,0,166,222,221
2023-07-19,2,7,2023,34.6,84.8,0,0,205,221,237
2023-07-20,3,7,2023,21.7,63.2,0,0,230,237,201
2023-07-21,4,7,2023,8.7,33.2,0,0,155,201,253
2023-07-22,5,7,2023,16.9,55.9,0,0,212,253,229
2023-07-23,6,7,2023,10.0,84.5,0,0,114,229,156
2023-07-24,0,7,2023,22.2,64.7,0,0,144,156,201
2023-07-25,1,7,2023,25.1,50.0,1,0,151,201,200
2023-07-26,2,7,2023,38.4,57.4,0,0,139,200,231
2023-07-27,3,7,2023,27.6,77.6,0,1,132,231,241
2023-07-28,4,7,2023,23.2,73.2,0,0,192,241,236
2023-07-29,5,7,2023,31.6,61.4,0,0,173,236,240
2023-07-30,6,7,2023,7.3,59.5,0,0,191,240,204
2023-07-31,0,7,2023,26.9,59.1,0,0,200,204,229
2023-08-01,1,8,2023,31.2,51.2,0,0,187,229,224
2023-08-02,2,8,2023,13.2,89.2,0,0,199,224,231
2023-08-03,3,8,2023,34.2,60.2,0,0,177,231,200
2023-08-04,4,8,2023,27.7,83.3,0,0,144,200,270
2023-08-05,5,8,2023,21.7,87.8,0,1,211,270,257
2023-08-06,6,8,2023,30.1,80.0,0,0,162,257,198
2023-08-07,0,8,2023,43.2,58.5,0,0,151,198,216
2023-08-08,1,8,2023,26.5,71.1,0,0,174,216,233
2023-08-09,2,8,2023,27.0,64.6,0,0,152,233,233
2023-08-10,3,8,2023,21.3,51.4,0,0,167,233,234
2023-08-11,4,8,2023,18.2,69.9,0,0,190,234,240
2023-08-12,5,8,2023,31.6,47.3,0,0,190,240,195
2023-08-13,6,8,2023,18.2,82.8,0,0,153,195,192
2023-08-14,0,8,2023,25.6,58.0,0,0,165,192,214
2023-08-15,1,8,2023,21.2,68.0,0,0,212,214,230
2023-08-16,2,8,2023,28.8,69.2,0,0,194,230,248
2023-08-17,3,8,2023,27.7,61.1,0,0,242,248,246
2023-08-18,4,8,2023,33.3,73.8,0,0,215,246,225
2023-08-19,5,8,2023,20.9,57.9,0,0,214,225,216
2023-08-20,6,8,2023,22.8,78.1,0,0,138,216,212
2023-08-21,0,8,2023,17.2,44.8,0,0,202,212,231
2023-08-22,1,8,2023,21.4,66.9,0,0,178,231,209
2023-08-23,2,8,2023,28.0,94.1,0,0,163,209,234
2023-08-24,3,8,2023,31.1,50.0,0,0,185,234,254
2023-08-25,4,8,2023,17.6,54.8,1,0,208,254,237
2023-08-26,5,8,2023,32.0,72.7,0,0,195,237,248
2023-08-27,6,8,2023,35.8,67.7,0,0,153,248,199
2023-08-28,0,8,2023,28.3,70.3,0,0,202,199,221
2023-08-29,1,8,2023,40.0,72.3,0,0,160,221,218
2023-08-30,2,8,2023,18.8,74.5,0,0,186,218,220
2023-08-31,3,8,2023,15.0,81.6,0,0,170,220,213
2023-09-01,4,9,2023,10.8,71.1,1,0,173,213,268
2023-09-02,5,9,2023,37.0,61.4,0,0,202,268,271
2023-09-03,6,9,2023,30.2,75.1,0,0,148,271,210
2023-09-04,0,9,2023,24.6,93.5,0,0,238,210,184
2023-09-05,1,9,2023,27.2,63.0,0,0,125,184,210
2023-09-06,2,9,2023,16.0,50.4,1,0,162,210,252
2023-09-07,3,9,2023,44.6,81.6,0,0,191,252,233
2023-09-08,4,9,2023,26.0,63.2,0,0,197,233,199
2023-09-09,5,9,2023,25.9,32.4,0,0,176,199,273
2023-09-10,6,9,2023,30.8,77.7,0,0,178,273,220
2023-09-11,0,9,2023,28.8,57.0,0,0,192,220,207
2023-09-12,1,9,2023,26.8,63.6,0,1,173,207,222
2023-09-13,2,9,2023,18.7,70.0,0,0,221,222,261
2023-09-14,3,9,2023,28.8,67.9,0,0,205,261,274
2023-09-15,4,9,2023,40.1,75.6,0,0,206,274,250
2023-09-16,5,9,2023,35.8,58.5,0,0,151,250,253
2023-09-17,6,9,2023,37.7,72.7,0,0,177,253,198
2023-09-18,0,9,2023,20.9,61.1,0,0,170,198,192
2023-09-19,1,9,2023,17.1,76.1,0,0,149,192,264
2023-09-20,2,9,2023,24.0,74.2,0,1,190,264,207
2023-09-21,3,9,2023,25.4,51.0,0,0,163,207,234
2023-09-22,4,9,2023,33.8,81.3,0,0,199,234,263
2023-09-23,5,9,2023,11.5,57.0,0,1,147,263,276
2023-09-24,6,9,2023,37.2,77.1,0,0,231,276,236
2023-09-25,0,9,2023,23.7,70.5,0,1,153,236,201
2023-09-26,1,9,2023,21.6,92.6,0,0,186,201,223
2023-09-27,2,9,2023,16.9,61.6,0,0,203,223,199
2023-09-28,3,9,2023,11.8,59.8,0,0,162,199,248
2023-09-29,4,9,2023,31.6,64.7,0,0,205,248,230
2023-09-30,5,9,2023,25.6,60.5,1,1,143,230,257
2023-10-01,6,10,2023,14.7,77.0,0,0,223,257,177
2023-10-02,0,10,2023,14.6,40.8,0,0,180,177,214
2023-10-03,1,10,2023,22.3,49.2,0,0,162,214,234
2023-10-04,2,10,2023,38.4,49.0,0,0,171,234,211
2023-10-05,3,10,2023,22.9,79.3,0,0,204,211,243
2023-10-06,4,10,2023,13.0,90.7,0,0,162,243,271
2023-10-07,5,10,2023,23.0,63.4,0,0,157,271,249
2023-10-08,6,10,2023,22.8,62.5,0,0,173,249,169
2023-10-09,0,10,2023,3.4,66.1,0,0,144,169,276
2023-10-10,1,10,2023,24.6,82.4,0,0,234,276,192
2023-10-11,2,10,2023,23.2,51.1,0,0,163,192,241
2023-10-12,3,10,2023,30.6,68.6,1,0,204,241,249
2023-10-13,4,10,2023,39.8,79.6,1,0,186,249,257
2023-10-14,5,10,2023,34.0,72.5,0,0,150,257,256
2023-10-15,6,10,2023,22.8,67.8,0,0,179,256,202
2023-10-16,0,10,2023,16.1,80.0,0,0,203,202,206
2023-10-17,1,10,2023,45.6,24.5,0,0,174,206,229
2023-10-18,2,10,2023,25.5,75.2,0,0,215,229,225
2023-10-19,3,10,2023,25.1,55.2,0,0,210,225,248
2023-10-20,4,10,2023,24.8,37.5,0,0,207,248,231
2023-10-21,5,10,2023,26.6,72.7,0,0,166,231,216
2023-10-22,6,10,2023,23.8,85.6,0,0,147,216,238
2023-10-23,0,10,2023,20.4,62.9,1,1,161,238,205
2023-10-24,1,10,2023,20.6,79.3,0,0,185,205,207
2023-10-25,2,10,2023,24.7,89.2,0,0,196,207,222
2023-10-26,3,10,2023,20.7,84.7,0,1,114,222,234
2023-10-27,4,10,2023,19.3,89.6,0,0,179,234,220
2023-10-28,5,10,2023,25.9,76.1,0,0,184,220,253
2023-10-29,6,10,2023,23.0,66.1,0,0,171,253,210
2023-10-30,0,10,2023,37.0,41.0,0,0,218,210,257
2023-10-31,1,10,2023,3.8,61.3,0,1,192,257,275
2023-11-01,2,11,2023,33.7,52.4,0,1,219,275,251
2023-11-02,3,11,2023,35.0,97.6,0,1,173,251,230
2023-11-03,4,11,2023,8.4,62.4,0,0,208,230,288
2023-11-04,5,11,2023,22.3,66.8,0,1,229,288,277
2023-11-05,6,11,2023,22.0,73.3,0,0,219,277,187
2023-11-06,0,11,2023,13.7,65.7,0,0,147,187,230
2023-11-07,1,11,2023,18.8,90.4,0,1,172,230,214
2023-11-08,2,11,2023,16.1,55.7,0,0,169,214,234
2023-11-09,3,11,2023,39.0,67.9,0,0,194,234,245
2023-11-10,4,11,2023,32.5,53.9,0,0,200,245,235
2023-11-11,5,11,2023,35.2,45.2,0,1,154,235,272
2023-11-12,6,11,2023,30.8,55.8,0,0,182,272,182
2023-11-13,0,11,2023,16.0,64.4,0,0,119,182,218
2023-11-14,1,11,2023,20.8,58.6,1,0,223,218,271
2023-11-15,2,11,2023,28.9,54.6,0,1,164,271,252
2023-11-16,3,11,2023,15.2,43.9,0,1,181,252,222
2023-11-17,4,11,2023,30.7,63.8,0,0,170,222,272
2023-11-18,5,11,2023,23.1,42.4,0,0,214,272,224
2023-11-19,6,11,2023,22.0,76.4,0,0,94,224,240
2023-11-20,0,11,2023,30.7,66.2,0,1,179,240,208
2023-11-21,1,11,2023,28.6,43.1,0,0,176,208,247
2023-11-22,2,11,2023,22.1,60.4,0,1,166,247,251
2023-11-23,3,11,2023,34.3,53.7,0,0,231,251,256
2023-11-24,4,11,2023,16.4,69.8,0,1,153,256,254
2023-11-25,5,11,2023,29.9,85.1,0,1,203,254,254
2023-11-26,6,11,2023,29.7,36.9,0,0,190,254,271
2023-11-27,0,11,2023,22.5,66.7,0,1,217,271,196
2023-11-28,1,11,2023,27.6,62.6,0,0,159,196,199
2023-11-29,2,11,2023,15.0,75.1,0,0,158,199,240
2023-11-30,3,11,2023,32.4,68.2,0,0,212,240,251
2023-12-01,4,12,2023,23.5,53.7,0,1,192,251,194
2023-12-02,5,12,2023,20.8,60.2,0,0,133,194,250
2023-12-03,6,12,2023,33.4,53.1,0,0,163,250,212
2023-12-04,0,12,2023,19.4,81.1,0,0,191,212,220
2023-12-05,1,12,2023,13.7,65.3,0,0,205,220,207
2023-12-06,2,12,2023,12.5,93.5,0,0,159,207,200
2023-12-07,3,12,2023,29.8,64.1,0,0,92,200,281
2023-12-08,4,12,2023,14.8,54.4,0,1,195,281,238
2023-12-09,5,12,2023,39.0,42.3,0,0,143,238,215
2023-12-10,6,12,2023,8.3,38.0,1,0,119,215,177
2023-12-11,0,12,2023,38.6,41.2,0,0,95,177,235
2023-12-12,1,12,2023,26.7,69.0,0,0,204,235,271
2023-12-13,2,12,2023,24.2,72.6,0,1,183,271,243
2023-12-14,3,12,2023,20.6,41.3,1,1,173,243,260
2023-12-15,4,12,2023,28.2,78.4,0,0,221,260,286
2023-12-16,5,12,2023,24.7,57.8,0,1,199,286,290
2023-12-17,6,12,2023,33.8,67.2,0,1,228,290,217
2023-12-18,0,12,2023,25.9,89.2,0,1,138,217,194
2023-12-19,1,12,2023,26.2,78.5,0,0,178,194,202
2023-12-20,2,12,2023,22.1,61.0,1,1,131,202,235
2023-12-21,3,12,2023,24.5,51.6,0,0,173,235,232
2023-12-22,4,12,2023,27.5,32.7,0,0,172,232,252
2023-12-23,5,12,2023,11.3,54.2,1,0,198,252,251
2023-12-24,6,12,2023,14.2,61.8,0,0,181,251,204
2023-12-25,0,12,2023,30.9,50.2,0,0,198,204,224
2023-12-26,1,12,2023,26.4,63.0,0,0,201,224,231
2023-12-27,2,12,2023,23.5,66.2,0,0,244,231,274
2023-12-28,3,12,2023,25.1,61.6,0,1,170,274,235
2023-12-29,4,12,2023,27.8,55.2,0,1,151,235,246
2023-12-30,5,12,2023,20.7,67.5,0,0,187,246,253
2023-12-31,6,12,2023,18.8,71.6,0,1,155,253,238
2024-01-01,0,1,2024,26.6,48.6,0,1,224,238,207
2024-01-02,1,1,2024,17.2,86.2,0,1,171,207,189
2024-01-03,2,1,2024,28.3,63.5,1,0,163,189,210
2024-01-04,3,1,2024,11.4,65.3,0,0,165,210,256
2024-01-05,4,1,2024,33.2,75.6,1,1,201,256,234
2024-01-06,5,1,2024,28.8,68.5,0,0,175,234,213
2024-01-07,6,1,2024,27.0,79.3,0,0,160,213,189
2024-01-08,0,1,2024,32.9,69.3,0,0,229,189,192
2024-01-09,1,1,2024,38.3,55.8,0,0,154,192,202
2024-01-10,2,1,2024,33.1,70.4,0,0,181,202,220
2024-01-11,3,1,2024,10.3,47.8,0,0,199,220,192
2024-01-12,4,1,2024,14.8,66.6,0,0,131,192,257
2024-01-13,5,1,2024,20.0,64.5,0,1,194,257,222
2024-01-14,6,1,2024,25.2,61.9,0,1,148,222,226
2024-01-15,0,1,2024,29.1,63.1,0,0,204,226,202
2024-01-16,1,1,2024,19.2,36.8,0,1,151,202,222
2024-01-17,2,1,2024,26.5,56.8,0,0,200,222,208
2024-01-18,3,1,2024,19.0,66.4,0,0,213,208,256
2024-01-19,4,1,2024,20.1,67.4,0,1,205,256,229
2024-01-20,5,1,2024,13.7,49.6,0,1,187,229,259
2024-01-21,6,1,2024,17.6,84.0,0,1,173,259,168
2024-01-22,0,1,2024,14.2,52.0,0,0,162,168,233
2024-01-23,1,1,2024,17.2,79.5,0,1,224,233,208
2024-01-24,2,1,2024,33.4,71.4,0,0,159,208,200
2024-01-25,3,1,2024,17.4,55.3,0,1,148,200,251
2024-01-26,4,1,2024,46.1,91.6,0,1,199,251,225
2024-01-27,5,1,2024,28.9,47.1,0,0,156,225,255
2024-01-28,6,1,2024,26.5,78.8,0,0,151,255,188
2024-01-29,0,1,2024,18.1,80.0,0,1,136,188,200
2024-01-30,1,1,2024,30.6,54.9,0,0,165,200,197
2024-01-31,2,1,2024,20.4,85.9,0,0,177,197,270
2024-02-01,3,2,2024,26.0,61.2,0,1,187,270,215
2024-02-02,4,2,2024,45.5,69.3,0,0,208,215,260
2024-02-03,5,2,2024,24.2,68.9,0,1,195,260,214
2024-02-04,6,2,2024,34.2,63.0,0,0,174,214,145
2024-02-05,0,2,2024,19.4,77.2,0,0,174,145,231
2024-02-06,1,2,2024,24.7,76.9,0,1,195,231,228
2024-02-07,2,2,2024,39.2,38.8,0,0,218,228,207
2024-02-08,3,2,2024,20.0,84.6,0,0,183,207,245
2024-02-09,4,2,2024,39.5,40.1,0,1,165,245,265
2024-02-10,5,2,2024,30.7,80.5,0,0,150,265,213
2024-02-11,6,2,2024,20.5,81.9,0,0,136,213,206
2024-02-12,0,2,2024,30.1,48.6,0,0,199,206,222
2024-02-13,1,2,2024,32.8,58.8,0,1,197,222,243
2024-02-14,2,2,2024,30.0,48.4,0,1,197,243,226
2024-02-15,3,2,2024,12.4,61.8,0,1,176,226,228
2024-02-16,4,2,2024,19.2,60.4,0,0,222,228,273
2024-02-17,5,2,2024,23.0,76.7,0,1,165,273,265
2024-02-18,6,2,2024,24.4,84.7,0,0,208,265,192
2024-02-19,0,2,2024,30.0,85.9,1,0,178,192,155
2024-02-20,1,2,2024,26.4,56.6,0,0,161,155,225
2024-02-21,2,2,2024,14.3,61.9,0,1,197,225,284
2024-02-22,3,2,2024,28.0,39.7,0,1,192,284,223
2024-02-23,4,2,2024,29.9,52.9,0,0,190,223,248
2024-02-24,5,2,2024,29.5,79.5,0,0,182,248,286
2024-02-25,6,2,2024,33.6,89.2,0,1,178,286,223
2024-02-26,0,2,2024,31.7,46.5,0,0,251,223,224
2024-02-27,1,2,2024,28.7,56.1,0,1,215,224,176
2024-02-28,2,2,2024,24.4,64.6,0,0,201,176,217
2024-02-29,3,2,2024,11.7,69.2,0,0,183,217,224
2024-03-01,4,3,2024,28.4,52.9,0,0,210,224,240
2024-03-02,5,3,2024,26.7,71.4,0,0,195,240,246
2024-03-03,6,3,2024,27.2,57.9,0,1,180,246,177
2024-03-04,0,3,2024,14.8,64.8,0,0,170,177,193
2024-03-05,1,3,2024,16.4,73.2,0,0,177,193,176
2024-03-06,2,3,2024,33.4,65.1,0,0,84,176,200
2024-03-07,3,3,2024,24.7,58.5,1,0,186,200,237
2024-03-08,4,3,2024,30.5,63.4,0,0,165,237,240
2024-03-09,5,3,2024,25.2,63.7,0,0,227,240,238
2024-03-10,6,3,2024,25.2,59.4,0,1,180,238,178
2024-03-11,0,3,2024,32.5,61.1,0,0,144,178,196
2024-03-12,1,3,2024,20.9,89.0,0,0,178,196,196
2024-03-13,2,3,2024,25.8,73.4,0,0,148,196,238
2024-03-14,3,3,2024,21.3,60.6,0,0,194,238,220
2024-03-15,4,3,2024,21.5,75.5,0,0,188,220,263
2024-03-16,5,3,2024,22.5,60.0,0,1,208,263,213
2024-03-17,6,3,2024,26.8,82.6,0,0,156,213,201
2024-03-18,0,3,2024,21.2,70.5,0,0,181,201,189
2024-03-19,1,3,2024,35.0,63.4,0,0,139,189,230
2024-03-20,2,3,2024,17.8,71.7,0,1,201,230,191
2024-03-21,3,3,2024,23.5,41.4,0,0,195,191,248
2024-03-22,4,3,2024,21.5,48.1,0,0,194,248,217
2024-03-23,5,3,2024,36.6,47.1,0,0,180,217,235
2024-03-24,6,3,2024,26.6,67.1,0,0,192,235,219
2024-03-25,0,3,2024,33.3,91.0,0,0,228,219,171
2024-03-26,1,3,2024,13.1,98.5,1,0,171,171,186
2024-03-27,2,3,2024,27.1,74.6,0,0,184,186,173
2024-03-28,3,3,2024,32.1,72.5,0,0,147,173,223
2024-03-29,4,3,2024,25.7,38.0,0,0,153,223,227
2024-03-30,5,3,2024,33.5,56.9,0,0,182,227,293
2024-03-31,6,3,2024,20.9,53.2,0,0,213,293,180
2024-04-01,0,4,2024,36.3,55.7,0,0,172,180,193
2024-04-02,1,4,2024,43.4,62.5,0,0,172,193,193
2024-04-03,2,4,2024,22.1,57.9,0,0,167,193,211
2024-04-04,3,4,2024,21.4,35.3,0,0,163,211,226
2024-04-05,4,4,2024,36.6,76.2,0,0,188,226,230
2024-04-06,5,4,2024,37.6,48.9,0,0,135,230,264
2024-04-07,6,4,2024,20.8,68.6,0,1,218,264,162
2024-04-08,0,4,2024,21.6,96.1,0,0,160,162,206
2024-04-09,1,4,2024,22.7,51.2,0,1,201,206,154
2024-04-10,2,4,2024,14.2,27.0,0,0,141,154,213
2024-04-11,3,4,2024,17.7,60.7,0,0,200,213,224
2024-04-12,4,4,2024,17.0,81.5,0,0,200,224,224
2024-04-13,5,4,2024,18.9,94.4,0,0,191,224,247
2024-04-14,6,4,2024,24.7,46.6,0,0,150,247,214
2024-04-15,0,4,2024,26.9,72.5,0,0,187,214,212
2024-04-16,1,4,2024,37.4,58.0,0,1,144,212,174
2024-04-17,2,4,2024,17.0,63.4,0,0,172,174,224
2024-04-18,3,4,2024,32.9,104.7,0,0,210,224,224
2024-04-19,4,4,2024,23.3,42.5,0,0,203,224,222
2024-04-20,5,4,2024,24.6,68.8,0,0,180,222,221
2024-04-21,6,4,2024,30.4,72.0,0,0,150,221,185
2024-04-22,0,4,2024,16.0,81.3,0,0,199,185,221
2024-04-23,1,4,2024,28.1,66.5,0,1,180,221,171
2024-04-24,2,4,2024,26.3,69.6,0,0,110,171,230
2024-04-25,3,4,2024,28.9,59.1,0,0,203,230,230
2024-04-26,4,4,2024,27.3,69.0,0,0,179,230,243
2024-04-27,5,4,2024,44.6,59.9,0,0,216,243,243
2024-04-28,6,4,2024,19.9,74.3,0,0,147,243,137
2024-04-29,0,4,2024,20.8,59.5,0,0,84,137,177
2024-04-30,1,4,2024,20.0,70.7,0,0,188,177,217
2024-05-01,2,5,2024,20.6,64.6,0,0,188,217,183
2024-05-02,3,5,2024,19.9,81.9,0,0,129,183,249
2024-05-03,4,5,2024,34.5,64.2,0,1,150,249,237
2024-05-04,5,5,2024,36.4,38.4,0,0,262,237,257
2024-05-05,6,5,2024,20.4,83.9,1,0,170,257,210
2024-05-06,0,5,2024,18.3,51.4,0,0,201,210,174
2024-05-07,1,5,2024,28.8,55.2,0,0,160,174,161
2024-05-08,2,5,2024,20.6,56.1,0,0,117,161,244
2024-05-09,3,5,2024,30.1,85.6,0,0,174,244,213
2024-05-10,4,5,2024,26.6,33.0,0,0,172,213,211
2024-05-11,5,5,2024,12.9,112.1,0,0,168,211,213
2024-05-12,6,5,2024,37.4,80.8,0,0,176,213,199
2024-05-13,0,5,2024,39.4,68.3,0,0,187,199,219
2024-05-14,1,5,2024,20.1,64.2,0,1,175,219,229
2024-05-15,2,5,2024,21.9,69.3,0,1,142,229,204
2024-05-16,3,5,2024,27.3,72.8,0,0,194,204,181
2024-05-17,4,5,2024,27.7,74.7,0,0,121,181,219
2024-05-18,5,5,2024,30.3,73.3,0,0,118,219,299
2024-05-19,6,5,2024,41.1,66.3,0,1,202,299,176
2024-05-20,0,5,2024,23.6,62.0,0,0,195,176,239
2024-05-21,1,5,2024,18.6,62.7,0,1,178,239,188
2024-05-22,2,5,2024,14.0,62.1,0,0,138,188,223
2024-05-23,3,5,2024,19.2,82.0,0,0,158,223,222
2024-05-24,4,5,2024,24.7,73.9,0,0,172,222,209
2024-05-25,5,5,2024,39.4,20.9,0,1,132,209,254
2024-05-26,6,5,2024,20.9,74.8,0,1,157,254,219
2024-05-27,0,5,2024,26.8,67.9,0,0,199,219,206
2024-05-28,1,5,2024,24.9,64.7,0,0,222,206,204
2024-05-29,2,5,2024,34.5,59.2,0,0,167,204,235
2024-05-30,3,5,2024,45.2,81.9,0,0,202,235,157
2024-05-31,4,5,2024,20.8,79.2,0,0,122,157,267
2024-06-01,5,6,2024,21.1,53.4,0,0,199,267,225
2024-06-02,6,6,2024,33.4,71.1,0,0,155,225,210
2024-06-03,0,6,2024,30.5,50.4,0,0,189,210,207
2024-06-04,1,6,2024,39.8,44.3,0,0,172,207,249
2024-06-05,2,6,2024,29.7,55.6,0,0,219,249,214
2024-06-06,3,6,2024,22.1,77.9,0,0,153,214,234
2024-06-07,4,6,2024,29.7,79.3,0,0,198,234,224
2024-06-08,5,6,2024,33.9,72.7,0,0,171,224,257
2024-06-09,6,6,2024,31.6,75.9,0,0,175,257,168
2024-06-10,0,6,2024,29.1,72.7,0,0,174,168,208
2024-06-11,1,6,2024,33.5,55.4,0,0,154,208,200
2024-06-12,2,6,2024,34.4,71.5,0,0,179,200,244
2024-06-13,3,6,2024,36.1,77.0,0,0,178,244,236
2024-06-14,4,6,2024,30.2,76.3,0,0,187,236,246
2024-06-15,5,6,2024,23.7,82.8,0,0,182,246,255
2024-06-16,6,6,2024,26.2,75.6,0,0,203,255,186
2024-06-17,0,6,2024,34.7,70.3,0,0,207,186,175
2024-06-18,1,6,2024,18.5,81.1,0,0,148,175,234
2024-06-19,2,6,2024,27.9,64.6,0,0,206,234,232
2024-06-20,3,6,2024,21.9,51.8,0,1,144,232,253
2024-06-21,4,6,2024,25.2,62.6,1,0,197,253,255
2024-06-22,5,6,2024,35.2,53.8,0,0,198,255,207
2024-06-23,6,6,2024,26.5,54.9,1,0,122,207,185
2024-06-24,0,6,2024,25.4,62.8,0,0,182,185,194
2024-06-25,1,6,2024,14.1,53.1,0,0,165,194,171
2024-06-26,2,6,2024,31.0,60.4,0,0,157,171,264
2024-06-27,3,6,2024,30.2,36.6,0,0,220,264,235
2024-06-28,4,6,2024,42.3,68.2,0,0,160,235,243
2024-06-29,5,6,2024,22.5,65.0,1,0,155,243,222
2024-06-30,6,6,2024,26.8,52.7,0,0,182,222,226
2024-07-01,0,7,2024,27.0,74.9,0,0,200,226,244
2024-07-02,1,7,2024,37.6,79.1,0,0,175,244,208
2024-07-03,2,7,2024,24.2,40.9,0,0,214,208,241
2024-07-04,3,7,2024,27.2,53.6,1,0,195,241,206
2024-07-05,4,7,2024,29.9,53.5,0,0,114,206,234
2024-07-06,5,7,2024,26.5,50.9,0,1,164,234,245
2024-07-07,6,7,2024,21.4,77.4,0,0,163,245,217
2024-07-08,0,7,2024,26.6,62.1,0,0,194,217,170
2024-07-09,1,7,2024,33.6,61.0,1,0,101,170,258
2024-07-10,2,7,2024,16.8,34.9,0,0,256,258,204
2024-07-11,3,7,2024,26.1,74.5,0,0,195,204,207
2024-07-12,4,7,2024,19.4,46.4,0,0,184,207,259
2024-07-13,5,7,2024,34.6,65.9,0,0,215,259,268
2024-07-14,6,7,2024,12.8,69.2,0,0,250,268,195
2024-07-15,0,7,2024,20.5,85.4,0,0,206,195,231
2024-07-16,1,7,2024,28.0,45.4,0,0,208,231,230
2024-07-17,2,7,2024,37.5,19.7,1,0,183,230,233
2024-07-18,3,7,2024,24.5,67.8,0,0,175,233,220
2024-07-19,4,7,2024,20.6,92.0,0,0,165,220,245
2024-07-20,5,7,2024,40.0,83.6,0,0,155,245,225
2024-07-21,6,7,2024,13.4,68.1,0,0,159,225,204
2024-07-22,0,7,2024,7.4,57.6,0,0,139,204,195
2024-07-23,1,7,2024,28.5,77.1,0,0,177,195,223
2024-07-24,2,7,2024,21.0,50.4,0,0,129,223,221
2024-07-25,3,7,2024,16.8,72.1,0,0,185,221,212
2024-07-26,4,7,2024,30.7,72.6,1,0,178,212,261
2024-07-27,5,7,2024,27.0,80.9,0,0,184,261,239
2024-07-28,6,7,2024,20.5,106.4,0,0,164,239,243
2024-07-29,0,7,2024,14.8,70.9,0,0,272,243,244
2024-07-30,1,7,2024,32.0,57.4,0,0,220,244,207
2024-07-31,2,7,2024,30.2,64.6,0,0,142,207,218
2024-08-01,3,8,2024,24.2,38.5,0,0,186,218,247
2024-08-02,4,8,2024,39.8,54.6,0,0,161,247,224
2024-08-03,5,8,2024,16.4,58.9,0,0,149,224,236
2024-08-04,6,8,2024,12.8,57.1,0,0,139,236,170
2024-08-05,0,8,2024,19.5,67.3,0,0,192,170,206
2024-08-06,1,8,2024,24.6,52.7,0,0,159,206,219
2024-08-07,2,8,2024,26.9,81.8,0,0,209,219,285
2024-08-08,3,8,2024,23.1,65.0,0,1,209,285,284
2024-08-09,4,8,2024,27.8,64.9,0,1,221,284,228
2024-08-10,5,8,2024,15.0,60.1,0,0,154,228,267
2024-08-11,6,8,2024,36.6,67.3,0,0,194,267,192
2024-08-12,0,8,2024,24.3,77.4,0,0,198,192,231
2024-08-13,1,8,2024,33.9,52.0,0,0,165,231,238
2024-08-14,2,8,2024,27.7,55.1,0,0,156,238,251
2024-08-15,3,8,2024,28.7,60.4,0,0,228,251,261
2024-08-16,4,8,2024,29.6,44.8,0,0,186,261,241
2024-08-17,5,8,2024,28.6,52.7,0,0,199,241,254
2024-08-18,6,8,2024,30.1,57.9,0,1,155,254,191
2024-08-19,0,8,2024,35.6,78.1,0,0,143,191,208
2024-08-20,1,8,2024,26.6,68.9,0,0,162,208,211
2024-08-21,2,8,2024,30.7,67.9,0,0,176,211,219
2024-08-22,3,8,2024,24.3,77.8,0,0,148,219,242
2024-08-23,4,8,2024,36.5,62.9,0,0,179,242,202
2024-08-24,5,8,2024,19.6,70.9,0,0,129,202,250
2024-08-25,6,8,2024,39.4,63.5,0,0,146,250,221
2024-08-26,0,8,2024,24.7,69.0,0,0,200,221,212
2024-08-27,1,8,2024,13.6,56.3,0,0,198,212,229
2024-08-28,2,8,2024,26.0,28.4,0,0,168,229,191
2024-08-29,3,8,2024,19.6,63.0,0,0,149,191,230
2024-08-30,4,8,2024,31.7,86.3,0,0,149,230,215
2024-08-31,5,8,2024,19.8,78.9,0,0,168,215,239
2024-09-01,6,9,2024,21.4,79.5,0,0,199,239,196
2024-09-02,0,9,2024,9.9,83.5,0,0,207,196,188
2024-09-03,1,9,2024,21.4,66.3,0,0,165,188,186
2024-09-04,2,9,2024,5.6,68.0,0,0,145,186,220
2024-09-05,3,9,2024,12.3,55.7,0,0,188,220,240
2024-09-06,4,9,2024,31.1,60.3,0,0,155,240,234
2024-09-07,5,9,2024,31.3,74.2,0,0,164,234,244
2024-09-08,6,9,2024,28.4,83.1,1,0,219,244,225
2024-09-09,0,9,2024,17.3,62.9,0,0,204,225,199
2024-09-10,1,9,2024,24.6,58.2,0,0,184,199,202
2024-09-11,2,9,2024,25.0,65.0,0,0,141,202,231
2024-09-12,3,9,2024,15.7,74.0,0,0,186,231,256
2024-09-13,4,9,2024,37.0,43.3,0,0,211,256,257
2024-09-14,5,9,2024,32.0,30.6,0,0,168,257,273
2024-09-15,6,9,2024,23.2,56.7,0,0,220,273,205
2024-09-16,0,9,2024,25.2,46.7,0,0,218,205,263
2024-09-17,1,9,2024,26.7,57.4,0,0,229,263,216
2024-09-18,2,9,2024,8.7,62.8,0,0,189,216,230
2024-09-19,3,9,2024,23.0,58.2,0,0,197,230,263
2024-09-20,4,9,2024,19.5,86.8,0,0,222,263,247
2024-09-21,5,9,2024,17.0,69.9,0,0,193,247,274
2024-09-22,6,9,2024,22.8,69.5,1,1,164,274,241
2024-09-23,0,9,2024,39.4,74.3,0,0,166,241,211
2024-09-24,1,9,2024,30.1,47.9,0,0,187,211,195
2024-09-25,2,9,2024,20.4,80.6,0,0,141,195,228
2024-09-26,3,9,2024,29.6,63.9,0,0,175,228,269
2024-09-27,4,9,2024,36.2,75.1,0,0,212,269,197
2024-09-28,5,9,2024,32.4,48.9,0,0,114,197,239
2024-09-29,6,9,2024,25.5,41.7,0,0,226,239,204
2024-09-30,0,9,2024,19.8,77.3,0,0,213,204,185
2024-10-01,1,10,2024,30.6,70.6,0,0,166,185,222
2024-10-02,2,10,2024,28.1,51.5,0,0,196,222,239
2024-10-03,3,10,2024,32.2,52.0,0,0,180,239,240
2024-10-04,4,10,2024,30.1,81.9,1,0,216,240,239
2024-10-05,5,10,2024,33.4,47.2,0,0,209,239,259
2024-10-06,6,10,2024,20.7,89.6,1,1,137,259,229
2024-10-07,0,10,2024,35.5,51.5,0,0,197,229,185
2024-10-08,1,10,2024,26.6,74.6,1,0,173,185,242
2024-10-09,2,10,2024,41.6,60.1,0,0,182,242,229
2024-10-10,3,10,2024,19.5,74.0,0,0,158,229,303
2024-10-11,4,10,2024,38.9,56.8,0,1,232,303,276
2024-10-12,5,10,2024,26.6,62.6,0,0,211,276,299
2024-10-13,6,10,2024,19.8,65.6,0,1,157,299,181
2024-10-14,0,10,2024,21.1,50.0,0,0,139,181,208
2024-10-15,1,10,2024,22.4,76.1,0,0,168,208,221
2024-10-16,2,10,2024,28.4,57.3,0,0,193,221,258
2024-10-17,3,10,2024,29.2,61.6,0,1,187,258,272
2024-10-18,4,10,2024,20.4,50.1,0,0,217,272,233
2024-10-19,5,10,2024,24.8,26.6,0,0,203,233,259
2024-10-20,6,10,2024,42.1,62.1,0,0,209,259,235
2024-10-21,0,10,2024,38.8,101.2,0,0,189,235,237
2024-10-22,1,10,2024,28.5,76.8,0,1,138,237,212
2024-10-23,2,10,2024,25.3,64.7,0,0,174,212,254
2024-10-24,3,10,2024,26.0,61.1,0,0,211,254,243
2024-10-25,4,10,2024,29.9,65.3,0,0,178,243,268
2024-10-26,5,10,2024,16.8,73.2,0,0,195,268,273
2024-10-27,6,10,2024,22.9,47.3,0,1,170,273,200
2024-10-28,0,10,2024,11.7,81.7,0,0,149,200,252
2024-10-29,1,10,2024,28.2,75.7,0,0,176,252,260
2024-10-30,2,10,2024,30.2,75.8,0,1,189,260,219
2024-10-31,3,10,2024,21.1,71.6,0,0,160,219,252
2024-11-01,4,11,2024,37.6,65.3,0,0,172,252,224
2024-11-02,5,11,2024,15.2,75.1,0,0,151,224,297
2024-11-03,6,11,2024,13.3,73.9,0,0,213,297,231
2024-11-04,0,11,2024,26.8,59.7,0,1,171,231,257
2024-11-05,1,11,2024,33.4,56.4,0,1,223,257,235
2024-11-06,2,11,2024,38.5,66.5,0,0,225,235,244
2024-11-07,3,11,2024,21.3,88.2,0,0,177,244,268
2024-11-08,4,11,2024,33.6,46.4,1,1,149,268,213
2024-11-09,5,11,2024,24.7,43.0,0,0,117,213,244
2024-11-10,6,11,2024,23.6,67.5,1,0,135,244,170
2024-11-11,0,11,2024,32.1,65.8,0,0,138,170,261
2024-11-12,1,11,2024,30.2,67.6,0,1,221,261,224
2024-11-13,2,11,2024,12.4,68.7,0,0,183,224,291
2024-11-14,3,11,2024,36.8,61.7,0,1,191,291,230
2024-11-15,4,11,2024,36.0,87.3,0,1,113,230,210
2024-11-16,5,11,2024,20.0,41.0,0,0,144,210,253
2024-11-17,6,11,2024,28.2,52.6,0,0,206,253,216
2024-11-18,0,11,2024,29.0,63.5,1,1,188,216,233
2024-11-19,1,11,2024,27.1,40.4,0,0,175,233,275
2024-11-20,2,11,2024,20.6,62.4,0,1,196,275,277
2024-11-21,3,11,2024,19.6,89.9,0,1,229,277,254
2024-11-22,4,11,2024,24.8,65.3,0,0,173,254,279
2024-11-23,5,11,2024,34.4,68.5,0,1,182,279,282
2024-11-24,6,11,2024,29.3,46.1,0,1,185,282,253
2024-11-25,0,11,2024,22.0,55.8,1,1,251,253,187
2024-11-26,1,11,2024,31.2,59.4,0,0,117,187,196
2024-11-27,2,11,2024,2.2,60.2,0,0,200,196,237
2024-11-28,3,11,2024,34.2,84.2,0,0,176,237,237
2024-11-29,4,11,2024,11.1,73.4,0,0,197,237,248
2024-11-30,5,11,2024,22.1,48.3,0,0,160,248,277
2024-12-01,6,12,2024,16.0,68.7,0,1,178,277,209
2024-12-02,0,12,2024,14.6,72.5,0,0,201,209,245
2024-12-03,1,12,2024,34.3,82.1,0,0,273,245,233
2024-12-04,2,12,2024,21.3,88.7,0,0,204,233,259
2024-12-05,3,12,2024,27.8,49.8,0,1,154,259,218
2024-12-06,4,12,2024,24.6,52.8,0,0,167,218,246
2024-12-07,5,12,2024,28.8,46.1,0,0,166,246,238
2024-12-08,6,12,2024,25.6,61.5,0,0,126,238,213
2024-12-09,0,12,2024,14.7,72.0,0,1,170,213,220
2024-12-10,1,12,2024,33.0,79.8,0,0,201,220,210
2024-12-11,2,12,2024,21.0,63.9,0,0,141,210,246
2024-12-12,3,12,2024,12.5,60.2,0,1,211,246,274
2024-12-13,4,12,2024,21.6,67.3,0,1,194,274,257
2024-12-14,5,12,2024,37.0,52.5,0,1,157,257,274
2024-12-15,6,12,2024,31.8,96.3,0,0,175,274,261
2024-12-16,0,12,2024,22.2,40.9,0,0,227,261,235
2024-12-17,1,12,2024,22.2,67.8,0,1,202,235,231
2024-12-18,2,12,2024,22.4,95.4,0,0,180,231,252
2024-12-19,3,12,2024,41.6,65.1,0,1,172,252,258
2024-12-20,4,12,2024,28.1,62.1,0,0,182,258,225
2024-12-21,5,12,2024,28.4,59.6,0,0,164,225,242
2024-12-22,6,12,2024,33.2,62.3,0,0,116,242,220
2024-12-23,0,12,2024,26.9,85.6,0,0,241,220,214
2024-12-24,1,12,2024,22.9,31.8,1,0,184,214,213
2024-12-25,2,12,2024,23.4,88.0,0,0,191,213,268
2024-12-26,3,12,2024,24.4,43.6,0,1,178,268,218
2024-12-27,4,12,2024,24.7,61.0,1,0,157,218,257
2024-12-28,5,12,2024,30.8,58.6,0,0,174,257,257
2024-12-29,6,12,2024,25.4,73.8,0,1,132,257,237
2024-12-30,0,12,2024,30.9,41.0,0,0,248,237,203
